RefId,IsBadBuy
47788,1
44205,0
12379,0
57241,0
15469,0
44508,0
22141,0
1784,0
70992,0
46942,0
59616,0
38135,0
856,0
45270,1
71237,1
12357,0
1443,1
42346,0
45912,0
7658,0
44972,0
17293,0
54527,0
31633,0
32883,0
51623,0
69107,0
40342,0
41946,0
44230,0
71741,0
66657,1
4379,1
45057,0
45013,0
5003,1
57025,0
45321,0
9581,0
1897,0
66091,0
22526,0
52670,0
59230,0
41685,0
64584,0
71926,0
50328,0
3823,0
53870,0
20984,0
23676,0
25461,0
58318,0
57016,0
57043,0
5160,1
38568,0
28613,0
30725,0
62179,0
22851,0
25194,0
14498,0
24909,0
3465,0
57151,0
44310,0
4323,0
3054,0
23202,0
9917,0
54603,0
31415,0
40793,0
44102,1
139,0
64475,0
23353,0
17620,0
48470,0
5493,0
13012,0
43631,0
22825,0
597,0
28840,0
33113,0
49451,0
43374,0
50335,0
43915,0
45811,0
43331,0
48176,0
42724,0
15458,0
33856,0
39857,0
72831,0
55015,1
9661,0
13398,0
44022,0
65327,0
1603,0
1250,0
2720,0
13804,0
70595,0
10714,0
21041,0
48537,0
28548,0
58329,0
64583,0
2927,0
42984,0
47720,0
55732,0
21185,1
24113,0
4657,0
40989,0
16186,0
18007,0
16578,0
41665,0
55203,0
90,0
22463,0
66715,0
33032,0
8862,0
28559,0
599,1
39643,0
39028,0
42093,1
40589,0
6998,0
6719,0
70596,1
12089,1
71440,1
22553,0
51763,1
38304,0
4812,0
3475,0
59069,0
68788,0
40009,0
65970,0
18917,1
40303,1
13603,0
62007,0
29257,1
12012,0
21613,0
45407,0
13612,0
65273,0
32333,0
1393,1
22777,0
59585,0
9357,0
50215,0
41644,0
31274,0
10885,0
61893,0
4764,0
25293,0
28225,0
21656,0
10795,0
69033,0
32413,1
16054,0
7327,0
39590,0
19299,0
51574,0
59478,0
3383,1
64731,0
15856,0
30547,1
68651,0
33765,0
32100,0
68744,0
6794,1
29495,0
19931,0
57308,1
65119,0
39131,0
15805,1
19019,0
55328,0
2464,0
32534,0
62384,0
36557,0
9614,0
53563,0
32710,0
69804,0
38471,0
45105,0
12168,0
42031,1
16866,1
725,0
65002,0
57832,0
5522,0
11605,0
64587,0
29004,0
41781,1
12843,0
59768,0
6470,0
56099,0
40118,0
28667,0
29018,0
60884,0
63764,0
71839,0
14440,0
49397,1
60716,0
32627,0
38245,0
65241,0
26004,0
52079,0
39950,1
45252,0
64890,0
62648,0
11510,0
10329,0
38469,0
30524,0
34124,0
4145,0
34882,0
35310,0
3047,1
6953,0
6288,0
17177,0
62187,0
34039,0
69443,0
55124,0
23880,0
54913,0
28209,1
56172,0
16098,0
32542,0
22558,0
71431,0
41688,0
32422,0
56717,0
23505,0
2891,0
26556,0
68091,1
62829,0
27736,0
47191,0
8493,0
22528,0
15917,0
49932,0
45504,1
22858,0
35886,0
12557,1
16775,0
33890,0
28379,0
30988,0
46632,1
36139,0
6162,0
22355,1
69886,1
35243,0
34989,0
58243,1
12669,0
17995,0
11874,0
9847,0
11676,0
10467,0
66615,0
68616,0
24808,0
37077,0
19257,0
45863,0
67510,1
45719,0
19664,0
39200,0
39418,0
24833,0
65441,0
57391,0
71048,0
62613,0
43432,0
22196,0
4111,0
62441,0
27969,0
31991,1
1476,0
20949,0
38974,0
12986,0
47327,1
18219,1
17133,0
52494,0
25814,1
69198,0
54219,0
63656,0
54310,0
33073,0
13937,0
63358,0
12689,0
56300,0
547,1
25573,0
49774,0
26748,0
41281,0
44071,0
62871,0
66170,0
44519,0
43114,0
52316,0
8911,1
4206,0
510,0
18117,0
65249,0
10911,0
30545,0
61996,0
1571,0
30373,0
44026,0
63461,0
62059,0
24030,0
11041,0
4930,0
41627,0
70018,0
9256,0
39130,0
1289,0
30391,0
63786,0
35968,0
13158,0
22319,0
70319,0
12500,0
7616,0
68638,0
54414,0
51832,0
19222,0
30459,0
50924,0
63971,0
53687,0
35435,0
68665,0
22164,0
60686,0
45749,0
50931,1
71583,0
71815,0
14269,0
14206,0
38526,0
52539,0
54629,0
70244,0
38812,0
65123,0
26770,1
1955,0
68719,0
10870,0
28783,0
47431,0
1004,0
10553,1
28044,0
23458,0
45608,0
40819,0
41488,0
11361,0
42450,0
50000,0
57070,0
12456,0
26440,0
56065,0
28367,0
41138,0
69022,0
56042,0
2651,0
40286,0
65654,0
69168,0
8071,0
57659,0
27831,0
26626,0
11506,0
578,0
31511,0
52752,0
29729,0
52623,0
34631,0
52403,1
49477,0
36978,0
49722,1
66121,0
70216,0
4839,0
27196,0
40894,0
60629,0
46164,0
10754,0
741,0
588,0
29726,0
27259,0
15802,0
38718,0
2423,0
43888,0
36623,0
65896,0
5544,0
59730,0
68621,0
65709,0
47930,0
31708,0
17115,0
30848,0
2476,0
26194,0
70495,0
32277,0
61767,0
52947,0
62839,0
19479,0
34255,1
4082,0
2102,0
63456,0
10545,0
46008,0
27215,0
16502,0
41294,0
72573,0
45672,0
55591,0
33386,0
56177,0
43608,0
10148,0
51856,0
18622,0
11781,0
10990,0
56754,1
16515,0
26686,0
28866,0
69331,1
21762,0
46507,0
4309,0
61769,0
26700,1
41927,0
25753,1
1260,0
47301,0
16122,0
55506,0
25662,1
63712,0
21885,0
55923,0
9125,0
3906,1
57637,0
48602,0
51465,0
55477,0
30895,0
7264,0
27390,0
51569,0
33108,0
5225,0
31757,0
67179,0
3979,0
14737,0
30202,0
14389,0
60752,0
31610,0
24516,0
51470,0
63029,1
7598,0
40093,0
13616,0
44795,0
49695,0
54951,1
124,0
66164,0
29695,0
36915,0
64567,0
29179,0
41744,0
32696,0
62862,0
55230,0
25289,0
35431,0
15728,0
6262,0
26224,0
16489,0
32148,0
51850,1
58164,0
60382,0
34177,0
55415,0
44606,0
9869,0
22498,0
1568,0
39813,0
37234,0
26098,0
62585,0
50263,0
12320,0
72194,0
53343,0
26236,0
66016,0
45448,0
14197,0
24801,0
15319,0
54188,0
1763,0
22371,0
26571,0
48834,0
21167,0
38177,1
65363,0
48207,1
63009,0
27249,0
17108,0
6845,0
46113,0
48788,0
62664,0
37998,0
19807,1
4055,0
1940,0
67434,0
28854,0
35022,0
67914,0
25373,0
41105,0
48803,1
52324,0
47138,0
15294,0
35364,0
13974,0
58873,0
43333,0
67286,0
66267,0
4327,0
9750,0
71641,0
16596,1
59444,0
57779,0
38527,0
26561,0
32434,0
66975,0
49854,0
13499,0
63518,0
30564,0
41243,0
32839,1
72374,0
31507,0
33575,0
52985,0
7992,1
65867,0
29492,0
8533,0
10826,0
20743,0
52500,0
59824,0
4521,0
30755,0
10984,1
56540,0
33586,0
46305,0
63626,0
62374,0
6604,1
25414,0
26601,0
67279,0
26474,0
37945,0
27935,0
29589,0
18027,0
57870,0
64457,0
35610,0
36595,0
12078,0
43065,0
67466,1
14859,0
10812,0
51211,0
63584,0
32397,0
41114,0
58656,0
9765,0
48346,0
34866,0
21986,0
62893,0
72968,0
47778,0
68404,0
10697,0
43051,0
22140,0
68078,1
12096,0
46628,0
64387,0
58843,0
14461,0
45298,0
52938,0
19647,0
61477,0
27172,0
1304,0
2433,0
31048,0
2073,0
27433,0
25908,1
45733,0
62614,0
41490,0
67923,0
62033,1
1555,0
29661,1
50713,0
57919,0
70916,0
24380,0
25478,0
27228,0
34630,0
42469,0
13655,1
21227,0
50502,0
6074,0
52342,0
42917,0
12186,0
42485,0
60583,1
54967,0
65212,0
42565,0
54387,1
16788,0
66874,0
62002,0
50927,0
65112,0
30312,0
6212,0
3141,0
51814,0
42880,0
65702,1
17254,0
17955,0
55685,0
64104,0
33484,0
45746,0
68692,0
47309,0
3874,0
28891,0
66547,0
31683,0
28096,0
38097,1
6065,0
40189,0
36496,0
34450,0
5068,0
69657,0
3759,0
8661,0
65135,0
52698,0
52357,0
66201,0
15493,0
20808,1
10983,0
32773,1
1065,0
27128,0
29384,0
50174,0
10609,0
57891,0
40243,0
31599,0
36985,0
59029,0
5058,0
18301,0
19103,0
72678,0
68528,0
64861,1
12949,0
33320,0
57177,0
24952,0
50549,0
7431,0
26052,0
42120,1
32212,0
48946,0
14908,0
49269,0
48672,0
422,0
32528,0
26607,0
12211,0
67701,0
32356,1
53275,0
58865,0
47413,1
69913,1
47786,0
57797,0
18013,0
55333,0
21807,0
56764,0
54186,0
12514,1
7127,0
32239,0
62968,0
59671,0
40877,0
45955,0
50184,0
65272,0
45081,0
1970,0
20043,0
24600,0
52221,0
25883,0
54261,0
33938,0
14638,0
39357,0
46859,0
12053,0
6572,0
15593,0
61518,0
72501,0
50761,0
10384,1
44441,0
36501,0
48682,0
23046,0
33784,0
65651,0
14183,0
65542,0
10671,0
48452,0
24243,0
30751,0
6071,0
15658,0
36230,0
14015,0
59721,0
58837,0
19559,0
69553,0
28094,0
37343,0
62654,0
2060,0
53828,0
33903,1
14735,0
51081,0
17473,0
16893,0
70053,0
21262,0
3486,0
60950,0
61884,1
26509,0
49525,0
55353,0
59665,0
5572,0
11559,0
24611,0
54666,0
44977,0
50346,0
56946,0
9250,0
63319,0
70401,0
63742,0
43365,0
43035,0
40983,0
21741,0
46774,0
54205,0
37542,0
35485,1
722,0
23163,1
8669,0
42347,0
42932,0
42516,0
7872,0
40485,1
65784,0
23907,0
8192,0
23421,0
53849,0
72920,0
70756,0
37552,0
16496,0
45326,0
62394,0
37772,0
67084,0
46903,0
10860,1
20437,0
23783,1
39380,0
33360,0
64812,0
19737,0
58914,0
48742,0
33709,0
47469,0
72434,0
38620,1
69121,1
4011,0
29204,0
19255,0
11553,0
65120,0
64958,0
50625,1
3904,0
63020,1
53631,0
42514,0
1612,1
66327,0
55556,1
65729,0
67925,0
70383,0
65041,0
28297,0
45394,0
57611,1
2937,0
72060,0
14013,1
69296,0
53578,0
64273,0
57804,1
69399,1
38567,0
35533,0
27953,0
64208,0
31586,0
66543,0
56229,1
55741,0
61035,0
15587,0
16954,0
33808,0
19492,0
70618,0
71786,0
5849,0
55981,0
13723,0
8647,0
30704,0
27951,1
41,0
8917,0
1100,0
67608,0
30336,0
31616,0
70492,0
7578,0
49252,0
18466,0
50718,0
14780,0
38144,0
9783,0
68982,0
8858,0
45699,0
31258,0
53572,0
20195,0
20451,0
42955,0
30948,0
72555,0
26602,0
2163,0
24464,0
10643,0
69892,0
68310,0
2679,0
44787,0
8295,0
70457,0
24931,0
28416,0
62589,0
54424,0
32046,0
53545,0
14080,0
24813,0
10907,0
61313,0
57080,0
70924,0
46986,0
33787,0
48881,0
24383,1
47607,0
39545,0
33048,0
41126,0
60658,1
60514,0
25666,0
27389,1
20911,0
57149,0
17663,0
3717,0
39766,0
16265,0
14742,0
68712,0
37984,0
24048,0
68367,0
5476,0
10647,0
28429,0
11568,0
45090,0
11661,0
34681,0
47522,0
62067,0
40497,1
53623,0
31207,0
27912,0
51807,0
64407,0
66233,0
15650,0
2935,0
72688,0
20618,0
52970,0
11631,0
70901,1
70561,1
39221,0
38392,1
46236,0
663,0
37364,0
69639,0
27294,0
19110,0
36699,0
49403,0
16500,0
2401,0
25262,0
16638,0
49807,0
8316,0
67439,0
70289,0
61860,0
13978,0
15669,0
33678,0
67653,0
36004,0
48759,0
46865,0
34787,0
11733,0
32979,0
5180,0
31911,0
35466,0
29409,0
38042,0
38263,0
35481,0
3893,0
21495,0
59045,0
32481,0
22516,0
69511,0
60731,0
12903,1
60754,0
48111,1
58203,0
2907,0
72661,0
8438,0
32022,0
45398,0
7629,1
30265,0
49760,0
38073,0
9371,0
13752,0
42144,0
39290,0
69231,0
9939,0
53617,0
13617,0
17940,0
23173,1
4068,0
31121,0
7427,0
19174,0
7078,0
2174,0
44363,0
60133,0
4752,0
34027,0
45512,0
41507,0
65607,0
50695,0
63133,0
50880,0
16837,0
29457,0
5622,0
52323,0
50390,0
34110,0
58033,0
42933,0
44414,0
57638,0
53694,0
6503,0
48101,0
30601,0
46938,0
12115,1
36046,0
64440,0
59643,1
19591,0
14732,0
43653,0
40854,0
49192,0
53270,0
41120,0
12751,0
60420,0
12415,0
2135,0
13413,0
10906,0
17741,1
72029,0
25846,0
15278,0
41537,1
37040,0
48573,0
2554,1
4874,0
56284,0
71437,0
7040,1
66055,1
51508,0
61402,0
3650,0
69374,0
25740,0
37752,0
62989,0
31496,0
1954,0
61888,0
53505,0
50494,0
32305,0
33712,0
21196,0
59600,0
60932,0
56436,0
67979,0
2572,0
40657,0
42329,1
52404,1
32703,0
33344,0
38318,0
7093,0
11852,0
8053,0
814,1
19666,0
3458,0
53793,0
40628,0
15328,0
70878,0
34889,0
27046,0
4425,1
48528,0
27585,0
68219,0
67554,1
22508,0
2170,0
67385,0
4523,0
32349,0
25572,1
51546,0
27087,0
47330,0
22264,0
56924,0
62820,1
28083,0
45470,0
36732,0
66987,0
44567,0
9067,0
46321,0
10258,1
39185,0
9997,0
4691,0
64424,0
15528,0
13419,0
11147,0
71449,0
22095,0
43463,0
68331,0
11973,0
33882,0
11812,1
59242,0
72344,0
63277,0
38062,0
37014,0
52863,0
70208,0
43012,0
9601,0
52920,0
72120,0
59127,0
62093,0
25150,0
36536,0
46810,0
65220,0
10655,0
39525,0
51540,1
48326,1
16591,0
51088,0
28742,0
28465,0
28579,1
31104,0
19484,1
70545,0
43519,1
60720,0
67302,0
20845,0
67544,1
66017,0
53182,1
32513,0
14530,0
71654,1
52296,0
5257,0
8977,1
11609,0
23066,0
38551,0
31281,0
70987,0
47366,0
17329,0
72091,0
3136,0
15943,0
44516,0
14279,1
30138,0
21332,0
5226,1
35650,0
71799,0
25918,0
53040,0
14610,0
5095,0
22491,0
72568,0
368,0
57467,0
54260,0
26338,0
42286,1
3191,0
6410,0
64291,0
71186,1
17679,0
21749,0
3478,0
68170,0
33474,0
2371,0
24995,0
10088,0
42403,0
64458,1
52384,0
20570,0
41908,0
20703,0
38929,0
19327,0
23892,0
60284,0
70437,1
26831,1
57469,0
63692,0
29182,0
57374,0
39005,0
63465,0
54141,0
61072,0
70490,0
26836,0
2678,0
25673,0
26329,0
25727,0
60209,0
10871,0
72801,1
28957,1
71564,1
11535,0
24399,0
26447,1
43485,0
65960,0
50800,0
40649,0
50210,0
15474,0
47325,0
46511,0
30529,1
71904,0
51296,1
15966,0
50749,0
13130,0
60254,0
47779,0
71015,0
60674,0
62501,0
64703,1
47210,0
66574,1
25204,0
29927,0
30257,0
11868,0
22202,0
45406,0
54416,0
42897,0
59646,0
37307,0
8957,0
50531,0
50040,0
43749,1
4093,1
5454,0
10054,0
65194,0
60119,0
72649,0
54758,0
8799,1
23694,0
45383,0
36011,0
53398,0
68640,1
29629,0
4502,0
20667,0
54448,0
54958,0
21667,0
2620,0
64144,1
41379,0
70356,0
58686,0
46857,0
70779,0
71672,0
22001,0
45126,0
72365,0
13869,0
59915,0
47865,0
50111,0
62992,0
46654,0
12702,1
2722,0
20426,0
64198,0
41984,1
13148,0
51570,0
30991,0
4356,0
52978,0
15974,0
23832,0
29574,0
16797,0
30972,0
22586,0
47544,0
38780,0
31994,0
10878,0
30087,0
2161,0
23082,1
22808,0
58607,0
62733,0
48495,0
4056,0
65929,0
35363,0
62807,0
62594,0
29185,0
47566,0
14324,0
5338,0
31742,0
62071,0
14875,0
41647,0
26514,0
60230,1
59026,0
12305,0
7511,0
21736,0
30728,1
20460,0
915,0
1293,0
51549,0
67157,0
2173,0
29845,0
49003,0
58297,0
63508,0
59815,0
26871,0
25361,0
15185,0
10443,0
14778,0
7784,0
64308,1
918,0
13919,0
72443,0
38579,1
43690,0
55578,0
23681,0
62695,0
44854,0
27982,0
7530,0
1753,0
55429,0
54670,0
37078,0
39917,0
21063,0
46678,0
9044,0
60481,0
64969,0
2151,0
52533,0
13620,0
40311,0
29078,0
48174,0
56926,0
35200,0
59075,1
2040,0
29827,0
2215,0
32262,0
13695,0
26616,0
70658,1
5436,0
61252,0
5757,0
65661,1
40647,0
56373,0
29666,0
22620,1
10164,0
37775,0
59179,0
16277,0
62951,0
37516,0
27819,0
23062,0
42021,0
24650,0
69630,1
60623,0
3791,1
8294,0
55833,0
55034,0
48748,0
8278,0
27069,0
17035,0
54783,0
31266,1
6516,0
19749,0
58620,0
62724,0
55629,0
38963,0
13886,0
71773,0
18376,1
13364,0
13686,0
42010,0
4019,0
62547,1
47520,0
35527,0
1535,0
67520,0
18628,0
19907,0
44446,0
46621,0
2849,0
35763,1
17999,0
65737,0
35513,0
60365,0
26190,0
11533,0
23055,0
69138,0
65700,0
45454,0
41487,0
51738,0
7323,0
43866,0
72733,0
14103,0
60307,0
374,0
56156,0
43775,0
25111,0
47488,0
49693,1
56469,0
63515,0
69104,0
58564,0
42079,0
10759,0
62573,0
55653,0
71261,0
30819,0
53265,0
50277,0
62830,0
17965,0
7821,0
6185,0
58627,0
15975,0
72839,0
36880,0
17946,0
38876,0
19677,0
33762,0
57700,0
47385,0
61057,0
18197,0
32036,0
43093,0
29736,1
71046,0
42481,0
11894,0
72262,1
54273,1
22727,0
50051,0
41916,0
44966,0
59384,0
43907,0
60041,0
70633,0
70919,1
29375,0
33263,0
35857,0
13396,0
40604,0
63354,0
798,0
62318,0
40745,0
50755,0
66158,1
58570,0
48338,0
40086,0
18029,0
59020,0
39172,0
40048,0
16953,1
36491,0
7655,1
1778,0
66579,0
42769,0
23453,0
69298,0
21774,0
45386,0
64531,1
24576,0
49555,0
2188,0
62995,0
23568,0
13252,0
65994,0
42855,1
58648,1
43244,0
29698,0
19116,0
64185,0
26300,0
31236,0
14899,0
3980,0
31598,0
33944,0
35674,0
15018,0
42194,0
66670,0
22540,0
29110,0
9135,0
72670,0
26232,1
28627,0
41662,0
53078,1
26431,0
58130,0
15338,0
25990,0
1706,1
19170,0
27290,0
5280,0
24518,0
54140,0
30875,0
8945,0
8875,0
62599,0
25422,0
17930,0
34569,0
60319,0
35852,0
42775,0
43846,0
68159,1
5895,1
66236,0
72252,0
3374,0
61496,0
30538,0
72475,0
2119,0
7557,0
45253,0
13943,0
64915,0
60705,1
59465,0
16113,1
17859,0
3528,0
50334,0
38272,0
46293,0
25016,0
42709,0
10233,0
32313,0
1179,0
20970,1
28692,0
60715,0
16205,0
67120,0
8486,0
22967,0
6584,0
15371,0
55031,0
67151,0
48383,0
33205,0
3583,0
25227,0
48547,0
63581,0
30402,0
11912,1
1950,1
26709,0
66539,0
47972,0
9430,0
65704,0
45619,0
26622,0
45946,1
33771,0
27901,0
39484,0
57218,0
9562,0
69486,0
67233,1
63590,0
18465,1
38502,1
64752,1
31553,0
72233,0
24351,0
67915,0
50045,0
29314,0
68303,0
26636,0
48606,0
4561,0
62527,0
62869,0
63732,0
3379,0
46374,0
64919,0
12129,0
59390,0
8614,0
60398,0
45644,0
10319,0
42353,0
19578,0
56796,1
12779,0
40327,1
38729,0
52523,0
62877,0
4045,0
48524,0
25023,0
44241,0
55846,0
17752,0
24581,0
41264,0
45704,0
13297,0
7286,0
43983,0
62546,0
28990,0
70720,0
31660,0
8953,0
52895,0
24613,0
52150,0
11431,0
13963,0
35387,0
61702,0
47714,0
3203,0
27532,0
57854,0
15887,1
38291,0
43700,0
69611,1
34098,0
35867,0
40752,0
15845,0
10082,0
28837,0
41582,0
35039,0
10212,0
13756,1
11013,0
11791,0
57285,0
14848,0
68940,0
12334,0
65557,0
13551,0
45820,0
45227,0
27023,0
53136,0
24718,0
54588,0
5779,0
66624,0
7826,0
25317,0
34964,0
7793,0
70945,1
35020,0
68087,0
3519,0
9816,1
34191,0
17961,0
45260,0
39541,0
40990,1
55038,0
734,1
68626,0
2607,0
50203,0
28400,1
31436,0
35169,0
727,0
63435,1
39900,0
67869,0
52526,0
11537,1
61439,0
27926,0
12184,0
20834,0
60523,0
69223,1
20499,0
1110,0
39365,0
61211,1
32281,0
69798,1
4543,0
39164,0
52877,0
45200,0
24945,0
31320,0
72279,0
34351,0
49006,0
26254,1
41474,0
15386,0
46053,0
59860,0
7825,0
46387,0
11011,1
11418,1
3703,0
42243,1
48685,0
51598,0
20183,0
65517,0
39011,0
62841,0
16266,0
42059,0
1726,0
14124,1
49016,0
3958,0
51263,0
14298,0
25417,1
25489,0
56150,0
50711,0
53435,0
25714,0
62112,0
72257,0
72923,0
9967,0
3940,0
50307,0
30965,0
43452,0
21232,1
38880,0
55288,0
39515,0
51431,0
7172,1
30039,0
31855,1
62331,0
70441,0
37660,1
70524,0
61442,0
70262,1
216,0
18843,0
36998,0
22518,0
12141,0
43357,0
28466,0
71893,1
21327,0
47514,0
50756,0
55982,0
26285,0
7757,0
3190,0
1994,0
62236,0
43349,0
43190,0
34024,0
68400,0
44696,0
29999,0
1700,1
44056,0
3915,0
32828,0
34602,0
21991,0
32995,0
1929,0
17564,0
70474,0
12255,0
65603,1
68494,0
63154,0
50900,0
56019,0
57415,0
55222,0
29476,0
4709,0
53615,0
59675,0
4167,0
34394,0
70235,1
46572,0
42183,1
70832,0
37622,0
12422,0
4195,1
12847,0
72122,1
38235,0
69017,0
39014,0
33953,0
7666,1
35982,0
53013,0
66185,1
62897,0
33752,0
68939,0
67076,0
29620,0
4673,1
23466,1
41753,0
38326,0
20086,0
41572,1
26747,0
16479,1
550,0
63141,1
49235,0
66570,0
28977,0
16052,1
11379,0
45169,0
7643,0
46371,0
47897,0
42437,0
25267,1
54435,0
57365,1
69165,1
40648,0
70691,0
53540,0
12512,1
42704,1
42300,0
60213,1
1998,0
34180,0
3882,0
38322,0
20034,0
60762,0
66302,0
51232,0
47538,0
46270,0
72306,0
7923,0
21568,0
32292,0
57263,0
6651,0
54742,0
44505,0
46673,0
57450,0
16694,0
62747,0
52913,1
45174,0
3731,0
48190,0
46649,0
32918,0
3344,0
6142,0
58133,0
37624,0
40261,0
4638,0
21702,0
51250,0
68474,0
51260,1
58703,0
24010,0
21629,0
53404,0
51273,0
437,0
63436,1
605,1
70068,0
23546,0
37580,0
66702,0
67204,0
28883,0
70527,1
61931,0
70841,0
10980,0
38808,0
41328,0
3764,0
66351,0
18872,0
61613,0
43101,0
459,0
4811,0
41853,0
49547,0
23310,0
52336,0
25420,0
28898,0
27873,0
59760,1
1349,0
23758,0
15490,0
24349,0
40045,0
9330,0
63483,0
56227,0
2422,1
68397,0
26179,0
44253,0
39210,0
51300,0
30756,0
38878,1
12686,0
54952,0
58056,0
72620,0
23663,1
26941,0
30164,0
65352,1
36500,0
55567,0
67418,0
64287,0
9746,0
33650,0
64000,0
39932,0
48387,0
68859,0
65567,0
72886,0
37556,1
72892,0
51787,0
70081,0
18520,0
1624,1
42127,0
53088,0
21900,0
63047,1
16784,0
48896,0
54836,0
30016,0
30817,1
30047,0
37202,0
33304,0
53622,0
519,0
37461,0
22075,0
16417,1
53653,0
11089,0
54679,0
51742,0
59869,0
23637,0
58260,0
42999,0
25082,0
64014,0
12360,0
38378,1
39779,0
6147,0
16203,0
72530,1
40899,0
63844,0
56144,0
30759,0
4598,0
72666,0
3858,0
12140,0
54038,0
33994,0
68203,0
51725,0
66863,0
44278,0
42082,0
25415,0
37957,0
12470,0
970,0
2045,0
63652,0
28113,0
9922,1
3146,0
47164,0
52276,0
52573,0
65540,0
8636,0
5771,0
67692,0
30457,0
70785,0
6254,0
70297,0
10694,0
31575,0
42841,0
12001,0
67073,0
63051,0
43473,0
61042,0
21566,1
7117,0
33925,0
69533,0
8043,0
23667,0
11862,0
12620,0
27580,0
4924,0
58734,0
1394,0
317,1
15798,1
11910,0
8317,0
17183,0
4682,0
42394,0
27429,0
24774,1
32829,0
42944,0
18599,0
15195,1
5308,0
21059,0
46663,0
32564,0
7539,1
52654,0
718,0
19977,0
69183,1
315,0
63862,0
53312,0
39010,0
5526,0
38100,0
35625,0
65217,1
6627,0
55007,0
937,0
72911,0
69948,0
41896,0
45204,0
9276,0
53752,0
50097,0
4680,0
28679,0
48861,0
21648,0
28975,0
9906,0
27428,0
10262,0
33697,0
42424,0
32850,0
55646,0
20560,1
31596,0
50682,0
1618,0
16283,0
42586,0
30340,0
30748,0
57343,0
22856,0
19714,0
7041,0
16949,1
25968,0
58510,1
59521,0
52787,0
21649,0
22440,0
47632,0
36499,0
4715,0
34265,0
62131,0
60580,0
36476,0
23928,0
72247,0
66225,0
62714,0
21274,0
18804,0
18150,0
28423,0
18955,0
53353,0
69224,0
39933,0
19653,0
67015,0
39798,0
18294,0
6967,0
44755,0
61236,0
54800,0
11789,0
70008,0
8673,0
61071,0
61126,0
29947,0
26611,0
9347,0
40547,0
22860,0
49317,0
62545,0
65039,0
59145,0
16881,0
53314,0
40987,0
49,1
52233,1
50137,0
13118,0
37216,0
67345,0
18332,0
53115,0
47399,0
28680,1
15408,0
29633,0
34125,0
45148,0
56948,0
43170,0
23146,0
60129,0
54009,0
11712,0
41599,0
49977,0
62559,0
39745,0
25849,0
10919,0
2294,0
1732,0
39196,0
61761,0
2921,0
9436,0
60191,0
18354,0
21235,0
59402,0
51287,0
16462,0
19093,0
45225,0
60505,1
2468,0
56855,0
47270,0
60448,0
26018,0
35384,0
18297,0
69230,1
53268,0
62581,1
47233,1
29037,0
35876,0
1546,0
21075,0
33511,0
68375,0
25685,0
28247,1
27210,0
56498,0
47073,0
27626,0
72455,0
18674,0
18380,0
59449,0
58201,0
44034,0
45758,1
196,0
43419,0
19937,0
57840,0
41656,0
51533,1
29628,0
63486,0
3441,0
19271,1
17744,0
35284,0
43923,1
41915,0
41227,0
29502,0
61319,0
46110,1
31132,0
48070,1
38797,0
72669,0
39216,1
9688,1
48535,1
64925,0
70101,0
61115,0
30127,0
42726,0
28800,0
51529,1
68187,0
27611,0
5564,0
69590,0
25523,1
63950,0
64167,1
63852,0
31485,0
14886,1
52367,1
24616,0
47013,0
55706,0
65950,0
68179,0
1216,0
9916,0
3559,0
16699,0
30977,0
14355,0
42244,0
30040,0
47078,1
70934,0
22979,1
72312,0
46343,0
34573,0
29530,0
46512,0
47569,0
10997,0
71993,0
43958,0
39325,0
48758,0
23088,0
45991,0
4704,0
51950,1
57222,0
23938,0
60386,0
71863,0
36805,0
58234,0
41663,0
57014,0
32702,0
31875,0
17380,0
26191,0
17280,0
40775,0
5196,0
26769,0
32088,0
898,0
54760,0
36181,0
11810,0
43336,0
53489,0
22901,1
56312,0
1456,1
9766,0
45456,0
47705,0
26256,0
42070,1
68577,1
40841,0
51114,0
21067,0
60909,0
50947,0
10978,0
2806,0
303,0
12164,0
39500,0
68705,0
8587,0
60250,1
12175,0
17699,0
58820,0
43126,0
30550,0
14217,0
57335,0
64168,0
59429,0
58508,0
20838,0
16108,0
53173,0
25813,0
22906,0
22454,0
10518,0
22845,0
30303,0
12437,0
37708,0
42029,0
18929,0
24143,0
46893,0
28933,0
36568,0
24800,0
19871,0
45877,1
10705,0
46090,0
64103,0
23262,0
50658,0
59798,0
11489,0
39793,0
72343,0
25988,0
9902,0
48266,0
18660,0
42261,0
56203,0
6566,0
2513,0
16971,1
34700,1
1944,0
12011,0
69372,0
47340,0
58282,0
55196,0
21133,1
17187,0
55966,0
14404,0
16968,0
66120,0
49485,0
19998,0
23119,1
72550,0
23226,0
31590,0
31859,0
54394,0
10940,0
13423,0
664,0
58786,0
39767,0
41871,0
63598,0
33858,0
14597,0
44751,0
50320,0
4435,0
70713,0
63682,0
29226,0
4040,1
53886,0
5289,0
29057,0
12776,0
9545,0
29025,0
46580,0
39880,0
31240,0
70291,0
70067,0
61990,0
22229,0
37714,0
48737,1
32364,0
39695,1
15131,0
18771,0
56610,0
12365,0
29888,0
26761,0
52199,0
64389,0
37988,0
51844,0
72579,0
14030,0
51973,0
16229,0
69176,0
58274,0
55525,0
19632,0
65932,0
16780,0
47753,0
20476,1
69953,1
65989,0
65738,0
44251,0
23672,0
58120,0
16021,0
59557,0
71042,0
13213,0
1644,0
21814,0
5894,0
56086,0
20923,0
4185,0
56293,0
37559,1
15735,0
8632,0
19224,0
66366,0
12606,0
29651,0
70879,1
32652,0
25557,0
71692,0
23764,0
55847,0
53774,0
61459,0
7316,0
42041,0
1587,1
30101,0
36934,1
49676,0
15004,0
67761,0
25512,0
54748,1
57147,1
61237,0
21320,0
20793,0
3770,0
43685,1
57505,0
1163,0
6404,0
16251,0
55029,0
7000,0
7481,0
17389,0
32755,0
6494,0
13073,0
22595,0
39059,1
46495,0
48067,0
17964,1
41912,1
26695,0
68633,0
71519,1
35351,0
16760,0
61586,0
38083,1
32969,0
21425,0
52809,0
3120,0
71413,0
69182,0
41137,0
11289,0
18894,0
3461,0
32001,1
21135,0
40209,0
28193,0
71314,0
25395,0
11194,0
25704,0
66288,1
5600,0
38977,0
13242,0
19027,0
6435,0
556,0
61755,0
33628,0
2617,0
10780,0
31423,0
66836,0
48779,0
9582,0
50343,0
47693,0
26110,0
68427,0
60019,0
15382,0
47611,0
43453,0
896,0
38992,0
49668,0
58828,0
11980,1
53584,1
28807,0
3304,0
22030,0
25186,0
3124,0
65621,0
33077,0
59619,0
12060,0
33503,0
8166,1
14819,0
71957,0
52563,0
45355,0
52084,0
25992,1
66599,0
27562,0
30744,0
42459,0
7458,0
30556,1
5468,0
37206,0
421,0
11263,0
34365,1
22877,1
40372,0
12923,0
32130,0
67153,0
21779,0
49616,1
13052,0
34549,0
4710,0
28319,0
66293,0
22044,0
45587,0
37329,0
19754,0
56126,0
12299,1
23050,0
48349,0
17338,1
1475,0
14674,0
13490,1
41125,0
54431,0
10492,0
28647,0
70174,0
57865,0
3088,0
59500,0
62985,0
18020,0
57671,0
35462,0
64808,0
42405,0
18030,1
66142,0
50250,0
18275,0
9800,0
44826,0
53947,0
9754,1
49373,0
25717,0
49608,0
29764,0
25184,0
66212,0
10961,0
69846,0
62464,1
54481,0
293,0
27447,1
29634,0
69832,0
8809,0
19246,0
21076,0
25827,0
48483,0
70614,0
72522,0
10801,0
51203,0
69044,0
33088,0
48892,0
68704,0
1150,0
26922,0
31483,0
68391,0
61578,0
40528,0
32061,0
54990,0
21828,1
36409,0
37605,0
30733,0
50413,0
50909,0
61812,0
20117,0
70986,0
50385,0
29263,1
22970,0
68790,0
71118,1
60109,0
35086,0
55657,0
13492,0
15596,0
28901,0
71213,0
59586,1
14893,0
17074,0
58289,0
12228,0
58165,0
12544,0
55553,0
60498,0
41063,0
16692,0
62211,0
61401,0
29001,0
7986,0
62812,1
49291,0
14865,0
19125,0
32280,0
51460,1
45627,0
62261,0
37117,0
19240,0
45150,0
61942,0
56565,0
27504,0
29760,0
66981,0
55376,0
35729,0
55486,0
21339,0
44677,0
36963,0
50645,0
24356,0
25738,0
48314,0
18803,0
52994,0
30360,0
31686,0
67019,0
64283,0
14942,0
35695,0
63484,0
41076,1
36131,0
64989,0
53148,0
8570,0
68384,1
19307,0
46522,0
54305,0
71066,1
37603,0
9527,0
47418,0
65356,0
33572,0
7913,0
210,0
66571,0
56713,0
14091,0
43413,0
72488,0
57466,0
20987,0
10796,0
56418,0
52444,0
6476,0
38519,0
59942,0
17801,1
60068,0
72173,0
6912,0
51502,0
65323,0
21954,0
14271,0
17558,0
43020,0
66612,1
68437,0
19557,0
21754,0
986,0
52256,0
30325,0
25525,0
70004,0
8574,0
20908,0
57689,0
40911,0
21402,0
9336,1
3423,0
63540,0
51150,0
49460,0
26208,0
59434,0
12816,0
50060,0
10271,0
19450,0
38360,0
35194,0
25893,0
23856,0
18993,1
48113,0
1855,0
25942,0
57997,0
38656,0
22174,0
67437,0
43606,0
6633,0
64153,0
24527,0
53983,0
55950,0
69280,0
49496,0
60568,0
44387,0
41971,1
9328,0
9915,0
39743,0
23507,0
50121,0
34831,1
59996,0
21710,0
63088,0
69483,0
70182,0
11005,1
60102,1
66692,0
69275,0
10203,0
35320,0
33629,1
8409,0
42918,0
7340,0
12862,1
57233,0
12801,0
14979,0
21088,0
62900,0
33324,1
57584,1
50421,0
34863,0
65186,0
28723,0
47053,0
68662,0
21509,0
36928,0
14682,0
17376,1
18795,0
20968,0
72677,0
41935,0
7359,0
55661,0
12397,1
59101,0
52892,0
54698,0
28102,0
28664,0
34842,0
62104,0
47254,0
69056,1
49612,0
6306,0
55132,0
39727,0
85,0
45637,0
27177,0
63433,0
12068,1
11763,0
51003,0
62098,0
23914,0
62443,0
31340,0
24752,0
50719,0
53695,0
65049,0
46037,0
71896,0
16895,0
28543,1
27637,0
8904,0
57491,1
10707,0
33289,0
58525,0
4766,0
3443,0
66462,0
41966,0
60639,0
40338,0
57500,0
40931,0
51089,1
2296,0
31414,0
68972,0
60241,0
67359,0
31803,0
60573,0
40186,0
16915,1
56082,0
50592,0
25819,0
65792,0
40063,0
62699,0
29772,0
58468,0
30996,1
70820,0
37324,0
26800,0
35495,0
33630,0
113,0
68563,0
14026,0
38704,0
65543,0
27955,0
969,0
68317,0
31957,0
54846,0
54992,0
54808,0
41988,0
49310,0
37169,0
21334,0
16432,0
22778,0
23357,0
70817,0
49886,0
56399,0
63771,0
36001,0
64790,1
56745,1
59351,1
8837,0
19251,0
432,1
27350,0
67799,0
34209,0
65386,0
31141,0
58389,0
59956,0
36944,1
2505,0
18239,0
55740,0
28546,0
41793,0
5294,0
52297,0
59997,0
36089,0
22897,0
1586,0
22884,0
34764,0
37791,1
48239,0
68103,0
50327,1
60197,0
28380,0
44224,1
6399,1
42693,0
52843,0
49014,0
68240,1
64253,0
42428,0
25022,1
23212,0
71540,0
16361,0
36104,0
37070,1
17410,0
26606,0
53746,0
23721,0
53056,0
17161,0
35108,1
16766,0
57229,0
23456,0
12015,0
40159,0
65502,0
72650,0
2590,0
49437,0
42645,0
31491,0
56970,0
60710,0
43308,1
4767,0
24568,0
54429,0
56793,0
18906,0
61031,0
60277,0
15435,0
25041,0
32915,0
9964,0
60834,0
69950,0
43755,0
48859,0
47392,1
53077,0
51736,0
62242,0
62422,1
156,1
41937,0
17495,0
14137,0
35016,1
60193,0
31612,0
39246,0
59711,0
68308,0
22281,0
44254,0
2332,0
9622,0
30159,0
30764,0
43007,0
45042,0
47465,0
71016,0
8123,0
19188,0
66850,0
48461,0
38444,0
15014,0
62492,0
26073,1
51486,0
35206,1
60557,0
11353,1
13047,0
9504,0
14453,0
19215,1
66046,0
35933,1
67353,0
40387,0
49945,0
20991,0
66626,0
15296,0
14181,1
63577,0
10505,1
57526,0
55479,0
64510,0
9833,0
27644,0
48021,0
7524,0
30064,0
48281,0
25208,1
58210,1
67509,0
39156,0
38341,0
26040,0
58993,0
72072,1
30070,0
9844,1
3087,0
67121,0
57048,0
37200,0
51731,0
8843,0
11649,0
32069,1
37795,0
50336,0
53735,0
48814,0
34885,0
22907,0
69209,1
51605,0
68131,0
27919,0
56839,0
7609,0
39370,0
27903,0
35534,0
24426,0
46754,0
65997,0
21728,0
3134,0
52286,0
59529,0
55134,0
23909,0
43558,0
26041,1
32658,0
20213,0
30125,0
5686,0
4384,0
26676,0
46350,0
10377,0
63298,0
62595,1
65377,0
15929,0
48328,0
6374,0
45800,0
34634,0
33231,0
11659,0
6033,0
87,0
38478,0
58269,0
20781,0
42951,0
51419,0
14302,0
71793,0
2385,0
64347,0
20168,0
7129,0
10124,0
32252,0
16821,0
32135,0
27722,0
18666,0
11079,0
2178,0
6246,0
35191,0
27280,0
405,0
53200,0
20469,1
990,0
55562,0
24457,0
55552,0
10496,0
29296,0
15337,0
58593,0
20154,0
42461,1
31934,0
897,0
12235,0
48773,0
32151,1
45214,0
72102,0
48559,0
70308,0
70276,0
21134,0
26823,0
47603,0
6785,0
72038,0
66058,0
954,0
2343,0
35,0
24116,0
38961,0
17029,0
7876,0
1198,0
9264,0
46982,0
63210,0
71818,0
8086,0
7622,0
35103,0
52757,0
43295,0
17027,0
71404,0
32060,1
10167,0
53574,0
6477,0
72503,0
23056,0
71143,0
68581,0
17844,0
2579,0
37058,0
11187,0
62811,1
47854,0
54782,0
20346,0
30260,0
49211,0
69530,0
5485,0
67814,0
22270,0
45030,0
7695,0
57809,0
71211,0
30386,0
63871,0
51270,0
29144,0
42044,0
66022,0
49568,1
4969,0
1196,0
41008,0
5742,0
51901,0
13675,0
43343,0
53432,0
23989,0
43478,0
64078,1
69470,0
49172,1
8445,0
45362,0
28447,0
31118,0
16705,0
61736,0
22570,0
38815,0
13415,0
40440,0
52594,0
35379,0
71168,0
28552,0
50283,0
16287,0
4412,1
1421,0
27318,0
64577,1
40313,0
33107,0
72681,1
61359,1
41772,0
19045,0
6614,1
61921,1
35260,0
38875,0
4233,0
5456,0
22535,0
57481,0
42988,0
11481,0
34489,0
71856,0
65919,0
60590,0
7861,1
54287,0
8371,0
34977,0
36569,0
65348,0
44111,0
9900,0
21466,0
60777,0
20817,0
20114,0
2539,0
44564,0
54511,0
38071,0
53413,0
61304,0
28286,0
41836,0
59484,1
35025,0
43785,0
42556,0
32195,0
44645,0
21123,1
25053,0
34794,0
68366,0
43664,1
64757,1
41234,1
17817,0
58760,0
58612,0
61082,0
26271,0
60074,0
62405,0
41670,0
40855,1
39464,0
12223,0
27560,0
3567,0
22903,0
53800,0
68830,0
39288,0
16305,0
56047,1
28433,1
60042,1
11347,0
16658,0
72723,0
69973,0
62310,0
32742,0
56052,1
13964,0
39626,0
70541,1
32098,0
65530,0
53250,0
63816,1
56434,0
49580,0
63687,0
58500,0
42579,0
45683,0
66689,0
20905,0
5806,0
22349,0
31795,0
1862,0
14801,0
71344,0
29209,1
53846,0
9226,0
15660,0
3237,0
38477,0
7045,1
40540,1
59297,1
17340,0
19020,1
45276,0
55020,1
627,0
3099,0
67818,0
21450,0
35834,0
59041,1
35989,1
32842,0
33161,0
27256,0
12878,0
53788,0
36256,0
30618,0
62623,0
11133,1
38857,0
63999,0
25590,0
59924,1
4909,0
42012,0
35411,0
8645,0
29702,0
15477,0
33828,1
43831,0
2815,0
58547,0
33987,0
36343,0
33461,0
6009,0
32804,1
63526,0
38487,0
5200,0
32256,0
29519,0
19892,0
7334,0
47824,0
32967,0
71625,1
54275,1
36338,0
20002,0
56068,0
16019,0
3879,0
27480,1
7809,0
56432,0
4952,0
38810,0
35412,0
50476,1
52037,0
63050,0
26576,0
55756,0
30516,0
1573,0
32485,1
36751,0
17303,0
41723,0
7568,0
16814,0
71725,0
540,1
57894,0
7003,0
51553,0
56352,0
34287,1
15174,0
67870,0
27241,0
39945,0
70681,0
33469,0
44611,0
63101,0
14044,1
13377,0
29261,0
1607,0
69270,0
19541,0
4501,0
61707,1
35588,0
9447,0
57030,0
16143,0
19576,0
54852,0
21819,0
45010,0
41329,1
71805,0
51786,0
19243,0
2337,0
1600,0
62497,0
13893,0
37388,0
6221,0
68469,0
22997,0
59790,1
69514,0
183,0
20386,0
6087,0
19296,0
3106,0
34918,1
34264,0
18836,1
63375,0
14981,0
30224,0
15823,1
40702,0
32836,1
24948,0
61410,0
43032,0
55864,0
72540,0
50522,0
61711,0
20708,0
9353,0
69185,0
53877,0
8307,0
6795,0
38538,0
65302,0
3345,0
57851,0
55295,0
7420,0
20767,0
28201,1
23364,0
53790,0
51983,0
37548,0
27064,0
22326,0
51170,1
62722,0
37080,0
9774,0
60545,0
70333,1
35164,0
28436,0
908,0
62652,0
69311,0
56675,1
57301,0
14370,0
1688,0
54496,0
48566,0
71753,0
69368,0
26248,1
42134,1
60214,0
53022,1
59857,1
42494,0
8356,0
32727,0
24512,0
63193,0
69494,0
36330,0
33428,0
68941,1
11686,0
55481,0
24714,0
24744,0
230,0
19567,0
3671,0
19127,1
3998,0
71226,0
15375,0
10619,0
23887,0
36337,0
27613,0
1901,0
52083,0
16534,0
56122,0
6308,0
58346,0
27479,1
10672,0
57627,0
72541,0
25851,0
41188,1
46845,0
48102,0
63197,0
21270,1
41072,0
5246,0
5835,0
56688,0
57237,1
37743,0
2280,0
27073,0
68953,0
36774,0
55343,0
72191,0
14934,0
49390,0
29613,0
61233,0
1466,0
54822,0
7991,0
7456,0
59433,0
54968,0
25421,0
40332,0
62493,0
59310,1
47003,0
52633,0
36827,0
68937,0
24934,0
12539,0
68362,0
28658,0
70874,1
49057,0
37162,0
56166,0
36261,0
37314,0
4362,0
9878,0
33966,0
42023,0
46072,0
16626,0
67825,0
29068,0
71358,0
23559,0
10677,1
49879,0
54608,0
55983,0
59156,0
46691,0
49513,0
13115,0
46517,0
53990,0
4397,0
28271,0
11268,0
13017,0
61985,0
58647,0
42126,0
62199,1
32677,0
38928,0
35239,0
65242,0
36651,0
72015,0
69390,0
34337,0
43411,0
67792,0
44157,0
57925,0
40772,0
36150,0
39492,0
28487,0
18108,0
1404,0
72598,0
1108,0
28415,0
56141,0
30307,0
16,0
38811,0
40997,0
56472,0
56716,0
28273,0
52800,0
18549,0
12155,0
45618,1
45924,0
52157,1
6557,0
14114,0
1769,0
41594,0
7381,0
23961,0
21071,0
30932,0
13746,0
36648,0
48512,0
30273,0
49751,1
38746,1
65246,0
10367,0
9642,0
24251,1
37857,1
18792,0
28364,0
47947,0
40812,0
12664,0
10547,0
50843,0
19570,0
69029,0
41760,0
30445,0
71221,0
5321,0
27202,0
67147,0
56577,0
25357,0
47445,1
21169,0
3939,0
9899,0
58349,0
24102,0
34208,0
6376,0
23450,0
37890,0
18723,0
71840,0
58322,0
6422,0
9002,0
3765,0
21180,0
59286,0
59496,0
39069,0
46769,0
58661,0
43600,0
66996,0
43683,0
40788,0
50963,0
40696,0
853,0
29174,0
7235,0
71179,0
15135,0
67756,0
13606,0
7100,0
37760,0
55594,0
11052,0
55316,0
67522,0
386,0
30569,0
54369,0
16486,1
56160,0
4355,0
52348,0
5065,0
44550,0
57734,0
71433,1
4902,0
30584,0
64624,0
44864,0
40015,0
59193,0
53451,0
49564,0
50419,0
65995,0
55795,0
57089,0
71570,1
7985,0
70531,0
64134,0
22410,0
3044,0
70115,0
18374,0
18335,0
67232,0
53585,0
30552,0
41850,0
48767,0
33173,0
37518,0
9017,0
15470,0
40187,0
52310,0
28571,0
70977,0
22976,1
13838,0
15190,0
48783,0
40802,0
59452,0
14703,0
31459,0
19730,0
20427,0
54285,0
23449,0
51020,0
48363,0
65616,0
42792,0
68019,0
50726,0
60757,0
58155,0
45529,0
51138,0
69037,1
791,0
10746,1
36685,0
24339,0
58437,0
57906,0
58506,1
32939,0
56814,0
26034,0
26720,0
45941,0
19721,1
32241,0
1935,0
5961,0
17251,0
60442,0
3011,0
7798,0
65752,0
59137,0
10302,0
27665,0
39002,0
17710,0
47373,0
8695,1
12971,0
52520,0
21782,0
8597,1
14520,0
14483,0
10116,0
16972,0
60487,1
68376,0
56240,0
14786,0
15851,1
41556,0
548,0
13698,0
57571,1
15113,1
6158,0
9842,0
23342,0
20281,0
5395,0
5497,0
29643,0
50717,0
5975,0
22290,0
11766,0
47065,0
61987,0
27404,0
40866,0
62809,0
12880,0
8454,0
54053,0
52759,0
16632,0
61323,0
31220,0
14435,0
43436,0
40828,0
34283,0
63865,0
28332,0
39582,0
31719,0
5576,0
35142,0
48659,0
3133,0
3140,0
72260,0
14651,0
28420,1
22411,0
38111,0
1925,0
38214,0
29742,0
70186,0
64109,1
51739,0
36547,0
43198,0
40176,0
44778,0
20102,0
3579,0
15864,0
40361,1
59541,0
965,0
2728,1
32654,0
48781,0
47782,0
39297,0
22500,0
10159,0
9001,0
67903,1
19808,1
27143,0
14596,0
43867,0
15434,0
16776,0
51703,1
32246,0
55882,0
23341,0
52467,0
28882,0
35639,0
57930,1
45218,0
28277,0
48079,1
16402,0
47993,0
23389,0
7060,0
30853,0
12237,0
31560,0
25760,0
62375,0
61202,0
57161,1
24694,0
68306,0
16987,0
52919,0
54502,0
6882,1
54895,0
52518,0
17616,0
26884,1
50667,0
5830,0
70143,0
56454,0
47643,0
2737,0
502,0
55720,0
57072,0
21347,0
54017,0
35328,0
1365,0
27062,0
45812,1
19440,0
59243,1
22993,0
12771,0
76,0
8544,0
69041,0
24087,0
46923,0
36930,0
18321,0
60920,0
62348,0
34645,0
28653,0
57326,1
25921,0
5884,0
61124,0
60687,1
4891,0
68368,0
22549,1
51095,0
22018,0
51733,0
71075,0
22948,0
42173,0
30944,0
18671,0
26704,0
14293,0
29838,0
37913,0
66453,1
55016,0
40959,0
15589,0
27019,1
13830,0
23483,0
3182,0
9283,0
48081,0
51587,0
50552,0
45937,0
36145,0
34750,0
15635,0
33962,0
17110,0
17926,1
55314,0
27371,0
28727,0
55687,0
22962,0
33365,0
8377,0
39194,0
33659,0
45481,0
34056,0
7508,0
56245,0
57566,0
45780,0
42890,0
40364,0
22262,0
19890,1
28605,1
27620,0
53715,0
66409,1
26697,0
38362,0
39386,0
26065,0
51246,0
34267,0
14966,0
15592,0
67441,0
72737,0
63761,0
15668,0
66072,0
51489,0
1809,0
69123,0
53888,0
36815,0
9708,0
13050,0
33534,0
14236,0
51606,0
68660,1
55375,0
19587,0
40838,0
22679,0
15491,0
63159,0
58307,0
5530,0
55468,0
66219,0
6275,1
61069,0
3084,0
26404,0
37532,0
50869,0
30785,0
22598,0
9496,0
20254,0
5847,0
66876,0
20222,0
32340,0
69016,1
70823,0
7066,0
7189,0
925,0
28357,1
61382,0
53408,0
60878,1
6491,0
43680,0
32171,0
2794,0
61460,0
14572,0
39911,0
53151,0
71028,0
5991,0
34395,0
61677,0
26291,0
32955,0
51092,1
69767,0
20940,0
31778,0
71754,0
40782,0
65903,0
45171,0
41224,0
43053,1
54413,0
29529,0
47460,0
18278,0
72200,1
35752,1
26396,0
6540,0
38046,0
51590,0
66993,0
45903,1
72013,0
5717,0
21151,0
8179,0
46970,0
66195,0
47626,1
16420,0
13611,1
7562,0
7179,0
58128,0
69322,0
41010,0
55198,0
18353,0
27255,0
11351,0
39551,0
22103,0
14944,0
21473,0
35013,0
54060,0
67704,0
4242,0
41767,0
19628,0
22557,0
11281,1
41397,0
64876,0
6421,0
72512,0
64147,0
55688,0
36455,0
64901,0
45881,0
12876,0
12754,0
9763,0
65252,0
5811,0
31538,0
10255,0
33541,0
70988,0
60245,0
16715,0
56241,0
70929,1
70252,1
34799,0
60146,1
34739,0
51248,0
7712,0
63853,0
71740,0
27326,0
11741,0
8906,0
2225,0
23093,1
62270,0
40510,1
6533,0
43397,0
63217,0
56331,0
35240,0
54356,1
25548,0
7209,0
26510,0
3514,0
58381,0
22061,0
49239,0
17344,0
25778,1
63004,0
35839,1
48323,0
44191,0
33308,0
32854,0
39843,0
63254,0
62570,0
67702,0
17214,0
4453,0
26539,1
54262,0
50623,0
40848,0
18598,0
15394,0
2445,1
24209,0
30286,0
65847,0
72341,0
9143,1
43230,0
23479,0
48429,0
46535,0
12220,0
9769,0
60428,1
40416,0
8918,0
26903,0
59945,0
44202,0
5241,0
12750,0
26352,0
64761,0
30863,0
49309,1
18980,1
23939,0
24035,1
17328,0
46119,0
6352,0
12070,0
19645,0
37255,0
31481,0
16923,0
34172,0
21980,0
37205,0
59394,0
62085,1
54960,0
59745,0
46762,0
54403,0
36202,0
50402,0
63627,0
19451,0
48753,0
26853,0
65171,0
45039,0
54696,0
41780,0
22441,0
54278,0
30726,0
72581,0
61595,0
15767,0
40013,0
37226,0
5036,0
22862,0
16213,0
685,0
1309,0
72546,1
5877,0
34386,1
32441,0
69088,0
35319,0
55935,0
10923,0
3181,0
7265,0
12527,0
21073,0
15772,0
18012,0
39561,0
30845,0
3990,0
43621,0
50355,0
58569,0
37480,0
29863,0
13255,0
70435,1
66966,0
67647,0
72616,1
63253,0
29671,0
506,0
68265,1
4908,0
62454,0
3198,0
70962,1
53474,0
25834,0
22773,0
61948,0
17060,0
14106,0
33379,0
6424,0
49314,0
37032,0
53142,0
10695,0
68276,0
13751,0
36164,0
65122,0
70577,0
39569,0
34483,0
16568,0
44971,0
21147,0
23026,0
25355,1
29735,0
69354,0
41856,0
29475,0
36889,0
29468,0
24559,0
49384,1
63336,0
2826,0
28659,0
34773,0
47796,0
59256,1
65825,0
1636,1
10627,0
43506,0
26402,0
32560,0
25842,0
41783,0
59369,0
43738,0
28472,0
31976,0
18982,0
25829,1
12438,0
33658,1
404,0
63914,0
63396,0
20867,0
2635,0
20798,0
26128,0
23139,1
52578,0
49165,0
15984,0
151,0
16859,0
59202,0
52725,0
10007,0
23547,0
32240,0
2885,0
69462,0
54455,0
26513,0
49675,0
21542,0
57182,1
11057,0
42996,0
503,1
22707,0
42382,0
44269,0
26857,0
13136,0
22718,0
72846,0
5194,0
45854,0
13249,0
19507,0
11612,0
57980,0
10612,0
15298,0
41725,0
1482,0
48315,0
43946,0
40514,0
5081,0
69163,0
23247,1
7844,0
63744,0
67776,0
42406,0
6786,0
32295,0
39481,0
27625,0
68534,1
54165,0
55634,0
35198,0
56257,0
33262,0
63653,0
48652,0
18768,0
3716,0
49297,0
67793,0
59483,0
43747,0
59933,0
1081,0
16740,1
10629,0
58639,0
38809,0
3274,1
30737,0
52732,1
41954,0
33594,0
24394,0
1144,1
68989,0
50827,0
16244,0
11095,0
17406,0
20900,0
69405,1
27226,0
23304,0
2710,0
62316,0
44197,0
10587,0
60056,0
49791,0
64391,0
19528,0
43186,1
63093,0
37503,0
4960,0
52295,1
10214,0
25134,0
19201,0
29647,0
39416,0
44835,0
4559,1
23123,0
40951,0
68683,0
55412,0
26809,0
8391,0
64641,0
23903,0
56323,0
30946,1
62685,0
31040,0
68803,0
9651,0
55091,0
20348,1
36267,0
13637,0
67206,0
43557,0
70709,0
2061,0
42092,0
48546,0
55908,0
24991,0
16426,0
54538,0
56626,0
50508,0
55883,0
11618,0
46436,0
26087,1
19480,0
40699,0
43588,1
46130,0
13203,0
52343,0
62147,0
72094,1
31861,0
27453,0
21715,1
40087,0
6457,0
17959,0
56989,0
13016,0
12451,0
25411,1
10970,0
37710,0
59814,0
60303,0
13931,0
36604,1
25192,1
2706,0
1724,1
10341,0
43127,0
23134,0
47608,1
5053,0
25365,1
7005,1
35503,1
70003,1
51249,0
48709,0
58992,0
58236,0
49660,0
71621,0
52061,0
27636,0
60536,0
71831,0
64855,0
377,0
16597,0
7943,0
55993,0
26940,1
12627,0
38252,0
1570,0
39940,1
19091,0
1244,0
68840,0
72994,0
47535,0
31643,0
12021,0
49010,0
34252,0
65127,0
36021,0
5335,0
43555,0
60315,0
44436,0
20110,0
42349,0
23011,1
8466,0
39656,0
44091,0
2085,0
54080,0
25569,0
469,0
45565,0
21111,0
21626,0
36264,0
4679,0
43019,0
11961,0
28856,0
40891,0
69059,1
52301,0
64797,0
28020,0
32561,0
24482,0
18838,0
26840,0
10929,0
47143,0
53636,0
61511,0
6373,0
66640,0
465,0
50191,0
29451,0
48645,0
67559,0
63916,0
69522,0
39155,0
60472,0
26414,0
37504,0
72423,0
21641,0
45537,0
63260,0
19916,0
36107,0
8954,0
34349,0
64820,0
11640,0
30077,0
72394,1
4413,0
44063,0
57482,0
1217,0
15162,0
63459,0
22678,0
45534,0
20031,1
47554,1
26161,1
14432,0
16539,0
24237,0
10887,0
37952,0
48388,0
25629,0
52127,0
64598,0
13785,0
42928,0
66512,0
34844,0
28751,0
1792,0
42894,0
57704,0
48796,0
66644,0
13071,0
7200,0
7029,0
26407,0
70353,0
65322,0
25456,1
47683,0
68754,0
31652,0
59130,0
38407,0
65906,1
52750,0
57269,1
60258,0
43420,0
62649,0
71252,0
62301,0
24391,0
10745,0
39528,0
40531,1
52866,0
26264,0
27360,0
21192,0
71965,0
17800,0
7112,0
18811,0
65795,0
28235,0
27807,0
70377,0
25544,0
15376,0
62972,0
38525,1
30108,0
70096,0
71985,0
50582,0
34761,0
6644,0
55819,0
51324,0
22724,0
21106,0
51650,0
35619,0
15729,0
15690,0
59503,0
51251,0
7730,0
48760,0
29069,0
6017,0
14433,0
17408,0
38649,0
52326,0
61897,0
57987,0
45051,0
71149,0
44033,0
67088,1
4787,0
59678,0
36514,0
58340,0
15615,0
16572,0
43674,0
22882,0
9520,0
31339,0
19167,0
37668,0
4147,0
3428,0
15156,0
45322,0
65397,0
54705,0
62448,0
27321,0
39710,0
50936,0
22116,0
24438,0
40895,0
14619,0
41193,0
13511,0
35311,0
51231,0
55492,0
67290,0
10580,0
52437,0
62118,0
44675,1
3319,0
16734,0
40111,0
41982,0
59455,0
26898,0
66754,0
15818,0
42235,1
8519,0
18966,0
52656,0
44358,0
35391,1
39550,0
1813,0
20759,0
22137,0
17453,0
29315,0
32784,0
68655,0
39281,0
44674,0
55313,1
29864,0
7924,0
48565,0
63157,0
30131,0
45657,0
61272,0
52828,0
18690,0
51670,0
69057,0
6012,0
57923,0
36453,0
35128,0
2588,0
62149,0
20202,1
61857,0
36695,0
47627,1
9162,0
42850,0
71580,0
38849,0
31665,0
54083,0
63617,0
71463,0
2050,0
10370,0
36286,0
16341,1
25304,0
37478,0
9492,0
70918,1
13386,0
54417,0
30211,0
49186,1
31759,1
40716,0
50256,0
44397,0
20521,0
5388,0
62564,0
22996,1
40062,1
71976,0
50308,0
2560,0
1094,0
69852,0
61397,0
24881,0
27788,0
56978,0
44288,0
5816,0
23443,1
60515,0
46825,1
45374,0
56730,0
57713,0
23439,0
71618,0
57211,1
38047,0
67209,0
47586,0
22713,1
54111,0
17461,0
72404,0
38309,1
61025,0
63150,0
12977,0
70976,0
72707,0
62668,0
43895,0
49796,0
35620,0
63640,0
57727,0
29197,0
50793,0
57597,0
63951,0
61824,0
63053,0
13924,0
70346,0
36053,0
29688,1
40756,0
20903,0
51301,0
14584,0
46297,0
14909,0
10930,0
57314,0
40014,0
27138,0
42753,0
68148,0
48762,0
18934,0
68701,0
47882,0
6560,1
50722,0
18422,0
68595,0
20628,0
16257,0
68938,0
32177,0
43598,1
10427,0
25281,0
21008,0
11737,0
61813,0
5361,1
49360,0
8332,0
27409,0
58688,0
62798,0
21037,1
59613,0
66144,0
19031,0
44060,0
43469,0
38472,0
19799,0
21452,0
9858,0
60709,0
68025,0
70126,1
40394,0
43154,1
68547,0
50792,0
35633,0
31154,0
6823,0
65406,0
61650,0
39454,0
5583,0
59338,0
61978,0
46741,1
21589,0
60184,0
29439,0
30223,0
28170,0
36864,0
57626,0
9646,1
42581,1
42332,0
67350,0
50519,0
44466,0
43942,0
10962,0
22871,0
45671,0
19751,0
64743,0
9166,0
25428,1
48442,1
4257,0
44416,0
38685,0
64481,0
32345,0
38006,0
48800,0
11865,1
26172,0
28913,0
63752,0
28759,0
38142,1
34881,0
18231,0
38355,0
9692,1
41439,0
46603,0
42213,0
6973,1
6451,1
6189,0
48719,0
37912,0
40321,0
16461,0
45086,0
18682,0
17886,0
54426,0
49578,0
21862,0
47500,0
69931,0
34875,0
20464,0
27407,0
60202,0
9591,1
70325,0
51244,0
34644,0
53637,0
34611,0
15951,0
16765,0
27180,0
15168,0
51395,0
47,0
30186,0
35490,1
70306,0
54234,0
3685,1
55119,0
20670,0
18860,0
45642,0
69346,1
26861,0
13555,0
61262,0
71215,0
51080,0
9119,0
62494,0
8598,1
33342,0
4947,0
33218,0
71850,0
21301,0
38491,0
58178,1
3031,0
48343,0
38657,0
22983,0
68120,0
64205,0
67851,0
52229,0
12419,0
36972,0
62531,0
69024,0
16313,0
72151,0
60591,1
64063,0
48127,0
3752,0
57872,0
51829,0
72925,1
25636,0
53587,0
37164,0
26885,0
17178,0
59380,1
4872,0
22212,1
33030,1
1678,1
28528,0
12431,0
25859,0
38806,0
47684,0
15962,1
65429,0
32813,0
5252,0
52805,0
34801,0
35129,0
43587,0
8476,0
17003,0
32982,0
43537,0
32372,0
43979,0
61137,0
29428,0
28823,0
67054,0
28673,0
33392,0
41221,1
34248,0
29376,0
3558,1
21817,0
44260,0
38891,0
28205,0
28470,0
60896,1
62783,0
49866,0
48118,0
37126,0
18306,0
71978,0
12133,0
33500,0
47152,0
38372,0
72665,0
68785,0
38244,0
66674,1
69703,0
25715,0
24899,0
40115,0
35807,0
13059,0
67706,0
48755,1
31537,0
67911,0
12204,0
70943,1
6005,0
44250,0
16721,0
19622,0
63967,0
37531,0
9737,0
54834,0
47636,1
66742,1
7685,1
56200,0
71670,0
25655,0
62590,0
3560,0
5869,0
40779,0
35172,0
72621,0
28132,0
47678,0
10221,1
57959,0
66422,1
57957,0
5204,0
57289,0
36886,1
7069,0
55306,0
57065,0
37294,0
34905,1
17527,0
58361,1
10687,1
30911,0
59248,0
58598,1
72271,0
69958,0
15706,0
27609,0
53406,0
54182,1
51410,0
68036,0
60060,0
48593,0
8765,0
7669,0
72267,0
13902,0
31095,0
43245,1
59561,0
29979,0
11858,0
21173,1
29119,0
16634,0
45725,1
63469,0
60173,0
43768,0
47918,0
55779,0
12296,0
23683,0
52021,0
4896,0
44044,0
50297,0
36425,0
51560,0
62097,0
60828,0
32253,0
4371,0
21790,0
25984,0
56023,0
57247,0
50357,0
33325,0
1540,1
49105,0
59836,0
37331,0
35737,0
51806,1
16698,0
46206,0
55603,0
14831,0
48400,0
31018,0
23726,0
12283,0
51734,0
22896,0
34073,0
6673,0
58545,0
14523,0
2754,1
7036,1
43787,0
59513,0
11437,1
51891,0
22354,0
38312,0
24635,0
27436,0
64358,0
56208,0
38606,0
48084,0
34949,0
67735,0
60668,0
51859,0
34859,1
48335,0
67274,0
49925,0
13883,1
57697,0
2136,0
33688,0
71879,1
44337,0
10737,0
27461,0
20403,0
39088,0
48576,0
45062,0
38241,0
10646,0
63322,0
53034,0
63299,0
8288,1
17335,0
50897,0
41020,0
33307,0
66122,0
58950,0
14077,1
35697,1
6469,0
32426,0
58757,0
2971,0
60741,0
20091,1
7486,0
53651,0
64259,0
57445,0
6138,0
46581,0
1181,0
54026,0
29027,0
14040,0
15746,0
17874,0
20594,0
23354,0
53972,0
28467,0
21673,0
60980,0
52936,0
65439,0
47472,1
42811,0
63453,0
34348,1
25066,0
11122,0
34781,0
11703,0
29347,0
32006,0
46455,0
10981,1
4694,0
39905,0
5516,0
52464,1
1886,0
34513,0
60269,0
4901,0
71057,0
19026,1
56988,0
46413,1
4809,0
51819,1
24828,0
66669,0
68565,1
58074,1
61339,0
6116,0
19643,0
42578,0
71248,0
27694,0
45397,0
64081,0
20935,0
54945,0
54255,0
5973,0
46213,0
32819,1
69631,0
55287,0
64309,0
66402,0
6215,1
33143,1
23383,0
57313,0
22078,0
21423,0
71154,0
40570,0
29163,0
7134,0
30513,0
31800,0
20070,0
38260,0
26938,1
61150,0
43735,0
12915,0
44742,0
23523,0
64959,0
12706,0
70635,0
16778,0
37812,0
52179,0
59965,0
30330,1
72346,0
36197,0
56771,0
30478,0
61020,0
24484,0
41863,0
54339,0
54000,0
36397,0
41806,0
36192,0
41569,0
53890,0
46499,0
46905,0
50159,0
43344,0
34678,0
55772,0
63369,0
42111,0
50834,0
36039,0
7440,0
24059,0
68190,0
12302,0
30343,0
66276,0
19339,0
4014,0
35392,0
52040,0
11386,0
71233,0
51723,0
40671,1
12555,0
65487,1
29606,0
44134,0
22422,0
32139,0
60271,0
58442,1
49895,0
7803,1
20133,0
16621,1
507,0
15042,0
72310,0
63836,0
45833,0
50891,0
14392,1
46340,1
2376,0
43651,1
69315,0
10135,0
51126,0
32834,0
71702,0
39056,0
42315,0
20218,0
53708,0
1409,0
18922,0
4037,0
24678,0
31247,0
49535,0
15627,0
29829,0
24505,0
36797,0
7639,0
14867,0
27328,1
34441,0
36862,0
35658,0
61390,0
57360,0
18444,0
23501,0
11854,0
61728,0
28439,0
51351,0
59059,1
15281,0
60080,0
36717,0
61627,0
41596,0
70619,0
67320,0
13197,1
18858,0
51518,1
15117,0
1499,0
9537,0
39146,0
13421,0
46953,0
62529,0
47115,0
11836,0
64777,0
11595,0
72731,0
32674,1
66249,0
20063,1
70083,1
64955,0
62120,1
35098,0
1307,0
27331,0
50188,0
61365,0
34409,0
24283,0
5981,0
27627,0
37844,0
13957,0
13371,0
62386,0
28917,0
21617,0
64576,1
55919,0
46027,0
43439,0
60721,0
4026,0
17147,0
35904,0
26603,0
11085,0
22824,0
43585,0
5114,0
7726,0
49051,0
64495,0
7022,0
35679,0
66168,1
9843,1
49851,0
11998,0
16172,0
32251,0
66753,0
66099,0
37082,0
31865,0
14779,0
23590,0
14673,0
23519,0
9411,0
15254,0
7874,0
43554,0
60983,0
48937,0
19287,0
35400,0
23279,1
60753,1
69799,0
32211,0
4718,0
47490,0
20545,0
26948,0
31651,0
54564,0
4487,1
31000,0
67300,0
40955,0
37777,1
42251,0
70255,0
41689,0
41019,0
15313,0
10516,1
7887,0
34976,0
42694,0
30407,0
70508,1
29944,0
41296,0
25998,0
22069,0
42292,0
61167,0
33853,0
17651,1
12744,0
41575,0
12622,0
5504,0
28835,1
42993,0
59388,0
59925,0
67587,0
23498,0
59407,0
47995,0
17190,0
37393,0
48189,0
58475,0
40439,0
32552,0
70504,1
20659,0
48732,0
71778,0
44895,1
70220,0
66237,0
58518,0
71749,0
25905,0
34339,0
32448,0
59620,0
17363,1
51981,0
12566,0
71934,0
35819,0
44956,0
5021,0
7370,0
44931,0
52570,0
60742,1
2263,0
63676,0
33851,0
939,0
47320,1
35093,0
12321,0
19787,0
19275,0
57167,0
35041,0
38145,0
52041,0
42441,0
11153,0
39931,0
31342,0
14086,0
32343,0
8223,0
54272,0
23812,0
13335,0
19195,1
11673,0
5964,1
12312,0
4633,0
12883,0
33408,0
50915,0
54346,0
3649,0
27032,0
14458,0
8049,0
56524,0
32646,0
70157,0
7470,0
46725,1
13023,0
53111,0
60786,0
17627,0
72788,0
58339,0
40631,0
53011,0
42795,0
41547,0
28173,0
42959,0
14335,0
3158,0
40198,0
69747,0
14501,0
69726,0
33466,0
30375,0
29043,0
66265,0
51714,0
9751,0
38436,0
13030,0
60445,1
64784,0
68300,0
25768,0
33258,0
26980,0
24231,1
22358,0
70718,0
51664,1
14286,0
65546,0
69632,0
11396,0
13042,0
20889,0
44951,0
38067,0
13477,0
38677,0
32736,0
51841,0
42452,0
58680,1
48686,0
62328,0
39660,0
69930,0
9152,0
69620,1
30700,0
58244,0
1086,0
66033,0
56876,0
3046,0
46204,0
46515,0
72177,0
24065,0
43720,0
39807,0
63091,0
59904,1
21364,0
72338,0
22941,0
53360,0
16986,0
13659,1
32257,0
24713,0
1679,0
2699,0
67478,0
16571,1
35959,0
24415,0
11495,0
62051,0
62439,0
31167,0
22187,0
67416,0
42587,0
71395,0
72388,1
68252,0
4178,0
11583,0
2411,0
58012,0
9811,0
2365,0
32639,0
33064,0
53797,0
68288,0
57763,0
32376,0
31198,0
35869,0
16158,0
36369,0
42635,0
6788,0
42600,0
9206,0
15170,1
4109,0
11084,0
25473,0
11952,0
9683,0
33284,0
60839,0
39350,0
57622,0
68869,0
46527,0
9202,1
14768,0
40494,0
28489,0
40523,0
42273,0
13440,0
63944,0
26180,0
22594,0
39348,0
1435,0
40292,0
61049,0
24046,1
10807,1
27130,0
14862,0
10184,1
72182,0
23945,0
52731,0
49778,0
750,0
26360,0
6057,0
49613,1
6714,0
38470,0
4841,0
34011,0
64234,0
71126,0
65248,0
38889,0
70023,0
44515,0
4113,0
60844,0
26249,1
49990,0
3343,0
2718,0
13192,0
32074,1
47006,0
11982,1
2700,0
63776,0
9931,0
54113,0
15236,0
40210,0
8740,0
61737,0
48636,1
66728,0
45153,0
12200,0
32682,0
22181,1
17690,0
62606,0
1237,0
60755,0
59233,0
197,0
24338,0
45962,1
8042,0
21211,0
15447,0
37002,0
61532,0
71622,0
3405,1
15941,0
68116,0
50650,0
18161,0
17042,1
54824,0
10542,1
16623,0
63551,0
65562,0
65794,1
64459,0
2628,0
3989,0
64129,0
6885,0
61997,0
28715,0
17175,1
65418,0
61625,1
62775,0
13065,0
2873,0
27661,1
66517,0
17057,0
43152,1
7398,0
20191,0
67409,0
45561,0
26907,0
48011,0
9128,0
32458,0
45323,0
47559,0
43320,0
56963,0
12040,0
47283,1
16490,0
64590,0
16063,0
15686,0
35593,1
33852,0
43602,0
29168,0
24416,0
41032,0
38313,0
56384,0
28740,0
53036,0
21840,0
53614,0
12030,0
5232,0
70812,0
45837,0
26681,1
51384,0
26921,1
57017,0
62076,0
60121,0
10654,0
29459,0
8,0
58149,0
24971,0
33631,0
28130,0
45743,0
54573,1
39407,0
70521,0
50183,1
42289,0
43196,0
35318,1
45942,0
68760,0
44113,0
29239,0
13123,0
16314,1
20780,1
65947,1
37860,0
34582,0
6518,0
19137,0
46324,0
9935,0
69650,0
45771,0
55596,0
50306,0
64774,0
64216,0
58623,0
38832,0
11775,1
4255,0
8832,0
1223,0
36103,0
21944,1
71169,0
66062,0
15066,0
2773,0
55746,0
62672,0
27758,0
41305,0
35402,0
22124,0
63559,0
38912,0
20823,0
13008,0
43892,0
2504,0
35949,0
35961,0
61780,1
7926,0
1985,0
47365,0
3282,1
53917,0
13146,0
33449,0
66912,0
39276,0
22160,0
49639,0
61806,0
20299,0
28502,0
3039,0
64663,0
38987,0
69369,0
22406,0
17097,0
28921,0
50350,0
15157,1
15013,0
52729,0
47682,0
40797,0
52651,0
32123,0
53311,0
17505,0
56391,0
13432,0
13921,0
42006,0
61873,0
23766,0
68389,0
8605,0
2375,0
60929,0
23419,0
3841,0
44237,0
33441,0
29161,1
64595,0
21876,0
39255,0
70006,0
48072,0
5385,0
71589,0
7965,0
30971,0
42324,0
31110,0
7449,0
37973,1
23287,0
4948,0
38068,0
15903,0
66136,1
44413,0
71337,0
45968,0
42541,0
55988,0
22746,0
10120,0
64886,0
8921,0
29950,0
9738,0
47167,0
13068,0
36310,0
9104,0
43143,1
23186,0
45897,0
50646,0
68872,0
50280,1
5996,1
59634,0
22547,0
72277,0
55389,0
39756,0
9509,0
54321,0
22497,0
40839,0
31026,0
33605,0
72168,0
54297,0
45570,0
67648,0
66400,1
50199,0
1037,0
40901,0
49232,0
4775,0
61192,0
33175,0
19326,0
35215,0
16264,0
45034,0
28308,0
26550,0
37128,0
7391,0
8334,0
26972,0
3744,0
44619,0
24326,1
22447,0
62272,1
55761,0
22456,0
1938,1
17648,0
41055,0
54382,0
51104,0
22464,0
40698,0
39557,0
26951,1
63287,0
4536,0
4831,0
33345,0
61802,0
14274,0
47543,0
35506,0
65875,0
6595,0
4430,0
59788,0
12734,0
71361,0
57867,0
29686,0
65838,1
55169,0
43753,0
3848,0
33826,0
35418,0
415,1
31291,1
61793,0
37197,0
70465,0
26515,0
4687,1
24522,0
41535,0
59596,1
17760,0
46642,0
59404,0
27829,0
17797,0
64212,0
2360,0
8485,0
47647,0
50972,0
24448,0
19945,0
65267,0
6067,0
4477,0
6311,0
29693,0
902,0
59722,0
25376,0
32406,0
70948,0
20126,0
62515,0
13835,0
29041,0
15516,0
19231,0
56705,0
48522,0
17474,0
30255,0
41800,0
10690,0
67677,0
69741,0
58455,0
15401,0
62645,0
58267,0
64621,1
48390,0
68578,0
54373,0
21593,0
65575,0
47657,1
20713,0
41197,0
1893,0
60732,0
13602,0
17530,0
27489,0
52205,0
42973,0
53813,0
37437,0
41873,0
51758,0
3492,0
23791,0
59349,0
69313,1
38817,0
5744,0
9372,0
43367,1
21856,0
35765,1
69008,0
62612,0
27325,0
12762,0
4294,0
48364,1
39309,0
65073,0
51275,0
4636,0
60075,0
4346,1
62500,0
48905,0
1509,0
34996,1
45232,1
14341,1
18339,0
15207,0
29038,1
23870,0
12933,0
1077,0
37420,0
8292,0
10568,0
65528,0
62891,0
61901,0
21084,0
10472,0
17590,0
8156,0
25401,1
12868,0
19216,0
57956,0
11991,1
29073,0
52869,0
59653,0
44781,0
15377,0
56233,0
30107,1
8414,0
30654,0
33432,0
26081,0
59079,0
59639,0
27076,0
44302,0
23306,0
62925,0
61952,0
15632,0
55305,0
63487,0
43359,0
26433,0
15645,0
2237,0
12179,0
31260,0
57224,0
27790,0
7673,0
1633,1
68921,0
39683,0
40730,1
37083,0
11761,0
7914,0
24057,0
30331,0
61574,0
24517,0
54171,1
52610,0
2840,0
36811,0
5260,0
8649,0
55563,0
66372,0
18507,0
57555,0
30308,1
19683,0
61868,0
69801,0
41538,0
9792,0
63530,0
38333,1
398,0
6027,0
66354,0
13581,1
17754,0
20511,0
27650,0
2331,0
36142,0
65705,0
16573,0
24949,0
70685,0
22749,0
18801,1
17634,1
57694,0
66385,0
7278,0
64012,0
10504,0
42941,0
64972,0
43293,0
46590,0
66937,0
11311,0
27132,0
67632,0
6102,0
10855,0
46531,0
9868,0
64096,1
49761,0
70830,0
29061,0
62904,0
64557,0
65955,0
42666,1
42594,0
56516,0
11531,0
70145,0
72124,1
11285,0
63550,0
30401,0
891,0
7389,0
64569,0
49126,1
52918,0
11080,0
760,0
12206,0
13607,1
59687,1
64792,0
44662,0
7009,0
72417,0
61945,0
8428,0
50505,0
57354,0
61043,0
44216,1
5714,0
67868,0
53899,0
42701,0
13409,0
68133,0
19483,0
55458,0
53766,0
56871,0
38771,0
27374,0
40454,0
37739,0
62132,0
28352,0
43418,0
37887,0
72576,1
60218,0
49380,0
68245,1
31635,0
49728,0
70440,1
45868,0
56224,0
5781,0
7864,0
21396,0
12959,0
46369,0
13260,0
21878,1
62640,0
50953,0
71553,0
20631,0
33579,0
23073,0
49770,0
49093,0
27984,0
19858,0
16870,0
27786,0
1207,0
36452,0
53188,0
55532,1
8880,1
21267,0
56917,0
67610,0
36780,0
27319,0
40325,0
66155,0
28560,0
40354,0
302,0
37129,0
48049,0
50266,0
72464,1
19109,1
7905,0
67502,0
14930,0
38854,0
63918,0
65746,0
62577,1
54700,0
34424,0
37706,0
9660,0
52290,0
34251,0
35671,0
3665,0
58151,0
25045,0
15080,0
17511,1
65075,0
56760,0
25937,0
28185,0
51441,0
58197,0
57399,1
11362,0
69573,0
52046,0
31359,0
63889,1
9975,0
48372,1
69501,0
20577,0
3017,0
25020,0
9544,0
40883,0
2962,0
45472,0
25479,0
46589,0
17181,0
1090,0
63008,0
38432,1
35124,0
6598,1
55613,0
47719,0
20528,0
19241,0
58532,0
64995,0
8568,0
33129,1
11809,0
66138,0
66280,0
72588,0
40888,0
28813,0
1173,0
30897,0
12152,0
40737,0
19147,1
23116,0
60606,0
12007,0
25209,0
43736,1
29277,0
42657,0
49624,0
42448,0
13554,0
64314,0
36494,0
13105,0
7738,0
52306,0
63694,0
38200,1
7772,0
3788,0
2549,0
68596,0
63349,0
51704,0
72897,0
12737,0
21515,0
15663,0
57889,0
71657,0
11965,0
24476,0
6592,1
9706,0
30332,1
66193,1
41099,0
59009,0
51820,1
18511,0
67495,0
27752,0
46530,0
60405,0
60433,0
26900,1
62993,0
20465,0
19454,0
59143,0
24824,0
64313,1
66990,0
5533,0
226,0
40553,0
2883,0
32617,0
46026,0
27145,1
18810,0
3805,0
56301,0
58860,0
7217,0
49942,0
45278,0
49207,0
59969,0
63544,0
36961,0
7841,0
8596,0
9930,0
72412,0
48591,0
18100,0
55087,0
49769,0
72808,0
30480,0
4375,0
43459,1
10340,0
44018,0
21269,0
72016,0
53156,0
30968,0
60201,0
67959,0
6843,0
60188,0
61109,0
64724,0
65190,0
51632,0
63699,0
20005,1
40195,0
71287,0
15318,1
63717,0
23331,0
69766,1
48444,0
66552,0
60297,0
42619,0
45484,0
43384,0
65736,0
11996,0
48751,0
25771,1
45497,0
21879,0
44201,0
59567,0
43930,0
22988,0
53944,0
2895,0
65391,0
57960,0
3212,0
17311,0
29437,0
6408,1
22881,0
58047,1
11450,0
17422,0
59921,1
63881,0
46817,0
43354,0
50353,0
54702,0
55668,0
23137,0
38698,0
6446,0
33431,0
46114,0
58690,0
21252,0
43779,0
2196,0
45012,0
66493,0
60620,0
31024,0
49830,0
49130,0
16810,0
18024,0
30030,0
21462,0
65447,0
31324,0
41283,1
689,0
10688,1
94,0
19690,1
19637,0
16940,0
31277,0
46863,0
7337,0
12124,0
66582,0
17266,1
26645,0
71097,0
30021,0
15810,0
13400,0
53161,0
25452,0
66198,0
5670,1
3059,0
49718,0
35898,0
9840,1
63117,0
33486,0
9030,0
23422,0
67330,1
62177,0
40701,0
33146,0
54771,0
67749,0
15936,0
44680,0
41350,0
58353,0
47198,0
10306,0
9980,0
37642,0
35850,1
68895,0
27192,0
6394,0
40717,1
57841,0
39965,1
52032,0
29579,0
1684,0
29346,0
68363,0
62462,0
59315,0
5433,0
50673,1
45441,0
23499,0
41302,0
10142,0
20277,0
29280,0
17211,0
28424,0
30763,0
68845,0
28979,0
25531,1
59122,0
1665,1
13139,0
7645,0
4712,0
39633,0
13873,1
72305,0
13055,0
25783,0
58664,0
33711,0
53985,0
48050,0
66479,0
71897,1
34323,0
15071,0
61911,0
44014,0
61079,0
1162,0
24897,0
2923,0
62870,0
39483,0
871,0
19330,0
67529,1
11445,0
1534,0
69562,0
52476,1
69751,0
48270,0
40479,0
33805,0
12043,1
45096,0
45558,0
5696,0
25874,0
13809,1
49263,0
72623,0
64361,0
66833,0
60525,0
19620,0
401,0
18970,0
66141,0
15044,0
56043,0
71176,1
12978,0
72033,0
35024,0
7494,0
19169,0
15285,1
62520,0
4463,0
36677,0
12704,0
55845,0
6610,0
53711,0
67103,0
15526,0
60296,1
13859,0
57876,0
47774,0
47375,1
24487,0
619,0
37678,1
25516,0
13563,0
1146,0
10394,1
13172,0
17703,0
54085,0
17668,0
53979,0
65414,0
71979,1
19769,0
70560,0
71209,0
47071,1
4456,0
24526,0
7531,0
37610,0
66396,1
56151,0
45351,0
31729,0
29053,0
39930,0
2942,0
321,0
26806,0
66125,0
48238,0
70604,0
2164,0
8617,0
12921,0
19948,0
20367,0
52617,0
54464,0
33071,1
16840,0
57750,0
67816,0
47760,0
62114,0
67347,0
18530,0
21015,0
34242,0
64776,0
62950,1
21855,0
13679,0
16394,0
60624,0
68408,0
15,0
52782,0
19791,1
47290,0
31314,0
61250,0
28919,0
70453,0
44457,0
33208,0
60511,0
72442,0
66028,0
10337,0
5216,0
15751,0
16861,0
15662,1
1904,0
59345,1
35762,0
13521,0
18762,0
41832,0
30317,0
41265,0
53293,0
22935,0
8121,0
27358,0
64841,0
63645,0
60725,0
7222,0
66466,1
39707,0
61168,0
50723,1
55812,0
56212,0
11039,0
64479,1
65749,1
10464,0
20145,0
55723,0
22138,0
12345,0
32293,0
37979,0
49891,0
15740,0
11873,0
10508,0
41501,0
40556,0
63485,0
13938,0
24272,1
72335,0
70729,0
31715,0
43434,0
6193,0
42109,0
22666,0
19432,0
30356,0
16510,0
46688,0
23731,0
35276,0
47952,0
27307,0
20136,0
67848,0
2334,0
55654,0
33611,0
15173,0
10569,0
56640,0
18214,0
72832,0
17890,0
13860,0
38542,0
46349,0
71339,0
18369,0
18885,0
63304,1
16138,0
53762,0
54040,0
69437,0
20627,0
21287,1
64047,0
43450,0
56112,0
62894,0
24285,0
51827,0
60039,0
38409,0
46700,0
59999,0
42643,0
69247,0
9866,0
42335,0
57731,0
67820,0
29269,0
46221,0
7528,0
45241,0
66554,0
41756,0
57351,0
24902,0
9221,0
50173,0
64323,0
42125,0
37446,0
55715,1
11900,0
62321,0
16127,0
13156,0
7157,1
58034,0
24710,1
27158,0
65785,0
71550,0
2558,1
25180,0
3209,0
61566,0
16648,0
69582,0
58310,0
6743,0
19553,0
26372,0
26595,0
35631,0
64454,0
35553,0
61908,0
14105,0
41118,0
39983,1
27091,1
20409,1
27696,0
40024,0
24045,1
50258,0
21529,0
1102,0
15708,0
57449,0
41813,0
29599,0
56367,0
39973,0
59339,1
48793,0
9827,0
65315,0
29381,0
24455,0
25774,0
4884,0
49887,1
69142,0
10574,0
26078,0
13241,0
2394,0
13858,1
67974,0
30640,0
55095,0
27442,0
63693,1
37846,0
63628,0
65553,0
49649,1
71271,0
66837,0
20587,0
57114,0
21723,0
16951,0
20339,0
60465,0
39473,0
57379,0
46915,0
69513,1
24066,0
72468,0
12081,0
52815,1
58434,1
15787,0
59797,0
41733,0
57963,0
56585,0
64114,0
14473,1
8981,0
33838,0
32667,1
23235,0
40217,0
6754,1
403,0
43227,0
67566,0
37359,0
17113,0
45405,0
31343,0
38284,0
34202,1
17031,0
35264,1
30353,0
7031,0
61717,0
14994,0
37109,0
36358,0
37068,0
33562,1
69239,0
30137,0
69827,0
52039,0
51642,0
20672,0
17705,0
4423,0
63395,0
52424,0
44925,0
1078,1
1550,0
40555,0
28767,0
24475,0
57989,0
2740,1
42954,0
31990,1
8913,0
40491,0
45271,0
10288,0
35023,0
25504,0
14927,0
43679,0
46372,0
30942,0
38545,0
62618,1
33801,0
57323,0
18504,0
19932,0
22223,0
69094,0
5865,0
17103,0
37173,0
24167,0
16769,0
51047,0
16074,1
47403,0
34975,0
72701,1
59740,1
12358,0
52065,0
19590,0
28196,0
33339,0
61497,0
41124,0
66788,0
36387,0
20887,0
44762,0
22159,1
17101,0
24075,0
36419,0
48254,0
41533,0
25138,0
64638,0
60510,0
68865,1
70476,0
27258,0
44638,0
65791,1
42477,0
22128,0
42779,0
59822,0
16457,1
14188,1
23359,0
15479,0
16427,0
55572,0
49850,0
51815,0
214,0
27273,0
63151,0
46348,0
66180,0
38369,0
2853,0
54957,0
6524,0
23941,0
64374,1
20554,0
55384,0
5548,0
70418,0
37889,0
25253,0
18596,1
70875,0
38023,0
69027,0
19983,0
29624,0
9015,0
62860,0
48810,1
31591,0
8118,0
70862,0
33447,0
42095,0
62251,0
52148,0
1635,0
27092,0
45967,0
16993,0
9988,0
47002,0
68008,1
66770,0
56243,0
44369,0
47675,0
19624,0
43772,0
57614,0
5559,0
6425,0
27039,0
56213,0
71425,0
70052,0
29046,0
11294,1
49148,0
40312,0
10218,1
40757,1
54681,0
15754,0
30874,0
59658,0
29584,0
68354,0
24367,0
12818,0
34662,0
6040,1
7057,1
65482,0
20056,0
63361,0
71355,0
22709,0
8373,0
16068,1
2239,0
56317,0
18153,0
31876,0
41956,0
38136,1
28936,0
39105,0
4865,0
16889,0
8326,0
17588,0
3199,0
39904,1
21573,0
25254,0
54385,0
21562,0
36052,0
34587,0
65750,0
65981,0
17785,0
46513,0
42958,0
21567,0
15119,0
48378,1
55503,0
6381,0
59293,0
7320,1
18463,0
25519,0
24890,0
39607,0
59238,0
14577,0
62825,0
35166,0
3036,0
65226,0
18919,0
58026,1
57979,1
50946,0
14645,0
27120,0
70097,0
54724,0
18706,0
28327,0
33900,0
20647,0
62305,1
57900,0
25675,0
68054,0
3862,0
22170,0
56927,1
5688,0
54153,0
65693,0
16554,0
66163,1
34515,0
36616,0
6493,0
33090,0
58776,0
29590,0
61556,0
8714,1
45680,0
66805,0
69454,0
64939,0
33068,0
61418,0
33703,0
41239,0
33180,0
41542,0
62790,0
57115,0
20449,0
16973,0
39910,0
64639,0
42625,0
47451,0
52657,0
22770,1
31426,0
71384,0
18550,0
10125,0
54619,0
65481,0
33495,0
29446,0
69102,0
66132,0
54398,0
1234,0
19067,0
2855,0
8682,0
71178,0
44485,0
11290,0
26735,0
4997,0
68021,0
16789,0
8337,0
55860,0
55881,0
13283,0
2195,0
49422,0
45908,0
52421,0
49771,0
19961,0
58162,0
15922,0
42747,0
46766,0
6949,0
46802,0
41633,0
32160,0
61957,0
11798,0
14777,0
60874,1
8838,0
46121,0
49434,0
27756,0
29080,0
63696,0
20224,0
41104,0
53455,0
56175,1
55936,0
71776,0
24148,0
27800,0
3177,0
9813,1
60163,0
30567,1
49365,0
61366,0
56074,0
39122,0
1774,0
6299,0
31938,0
44930,0
40693,0
57641,0
44827,0
35446,0
42923,1
61097,0
61367,0
20906,0
56045,0
37585,0
40564,0
28075,0
25667,0
32159,0
30071,0
39331,0
54027,0
53848,0
6616,0
22403,0
69317,1
26171,0
19139,0
41975,0
70693,0
18457,0
69929,0
49307,1
